Company,Record_ID,CVE_ID,Is_Synthetic,Vulnerability_Title,Vulnerability_Description,CWE_ID,MITRE_ATTACK_Technique,Affected_Product,Affected_Version,Asset_ID,Asset_Hostname,Asset_Type,Department,Environment,Asset_Criticality,Internet_Exposed,Detection_Source,First_Detected,Last_Observed,CVSS_Base_Score,Severity,Exploit_Maturity,Known_Exploited,Patch_Available,Compensating_Control,Patch_Window,Remediation_Status,Assigned_Team,SLA_Days,Target_Remediation_Date,Business_Impact,Recommended_Action,Data_Source
BluePeak Technologies (Fictional),VULN-0001,CVE-2099-10001,TRUE,Remote code execution in print service,A crafted remote print request could execute code with SYSTEM privileges on the print server.,CWE-787,T1210 - Exploitation of Remote Services,Windows Print Service,Windows Server 2019 build 17763.6054,PRINT-SRV-01,print-srv-01.bluepeak.local,Server,IT Operations,Production,High,No,Vulnerability Scanner,2026-08-20,2026-09-04,9.8,Critical,Active exploitation,Yes,Yes,,Sun 01:00-05:00,In Progress,Infrastructure Engineering,7,2026-08-27,Full server compromise and lateral movement into the corporate network.,"Apply the emergency update, disable the print service where unnecessary, and verify RPC access controls.","Synthetic internal training record; not an NVD, CISA, or vendor CVE entry."
BluePeak Technologies (Fictional),VULN-0002,CVE-2099-10002,TRUE,Authentication bypass in remote access gateway,Improper session validation could allow an unauthenticated attacker to enter the remote access portal.,CWE-287,T1133 - External Remote Services,NetSecure VPN Gateway,12.4.7,VPN-GW-01,vpn-gw-01.bluepeak.example,Network Appliance,IT Operations,Production,Critical,Yes,Vendor Advisory Review,2026-08-22,2026-09-04,10.0,Critical,Active exploitation,Yes,Yes,,,Mitigated,Network Security,7,2026-08-29,Unauthorized remote access to internal systems and user sessions.,"Install the vendor hotfix, invalidate active sessions, rotate gateway secrets, and review remote access logs.","Synthetic internal training record; not an NVD, CISA, or vendor CVE entry."
BluePeak Technologies (Fictional),VULN-0003,CVE-2099-10003,TRUE,SQL injection in customer portal search,Unsanitized search parameters could allow database queries to be altered by a remote user.,CWE-89,T1190 - Exploit Public-Facing Application,BluePeak Customer Portal,5.8.2,WEB-APP-CP-01,customer.bluepeak.example,Web Application,Customer Operations,Production,Critical,Yes,Web Application Scanner,2026-08-24,2026-09-04,9.8,Critical,Functional exploit,No,Yes,WAF rule blocks common injection patterns,,Open,Application Security,7,2026-08-31,Exposure or alteration of customer records and service disruption.,"Upgrade to version 5.8.4, parameterize database queries, rotate the application database credential, and retest.","Synthetic internal training record; not an NVD, CISA, or vendor CVE entry."
BluePeak Technologies (Fictional),VULN-0004,CVE-2099-10004,TRUE,Unsafe deserialization in API gateway,A serialized request object could trigger arbitrary code execution in the gateway service.,CWE-502,T1190 - Exploit Public-Facing Application,BluePeak Java API Gateway,4.2.0,API-GW-01,api.bluepeak.example,Application Gateway,Engineering,Production,Critical,Yes,Penetration Test,2026-08-26,2026-09-04,9.8,Critical,Public proof of concept,No,Yes,,Sun 01:00-05:00,In Progress,Platform Engineering,7,2026-09-02,Compromise of production APIs and access to backend services.,"Upgrade the gateway, disable native object deserialization, and restrict accepted content types.","Synthetic internal training record; not an NVD, CISA, or vendor CVE entry."
BluePeak Technologies (Fictional),VULN-0005,CVE-2099-10005,TRUE,Command injection in backup administration console,A privileged console parameter could be used to run operating system commands on the backup server.,CWE-78,T1059 - Command and Scripting Interpreter,BackupMaster Console,11.3.0,BAK-SRV-01,bak-srv-01.bluepeak.local,Server,IT Operations,Production,Critical,No,Vendor Advisory Review,2026-08-28,2026-09-04,9.6,Critical,Active exploitation,Yes,No,Console isolated on backup administration VLAN,Sun 01:00-05:00,Scheduled,Infrastructure Engineering,7,2026-09-04,Deletion or encryption of backups and loss of recovery capability.,"Disable external console access, apply the vendor mitigation, monitor command execution, and patch when released.","Synthetic internal training record; not an NVD, CISA, or vendor CVE entry."
BluePeak Technologies (Fictional),VULN-0006,CVE-2099-10006,TRUE,Remote code execution in firewall management service,A malformed management request could corrupt memory and execute code on the edge firewall.,CWE-787,T1190 - Exploit Public-Facing Application,EdgeShield Firewall OS,9.7.1,FW-EDGE-01,fw-edge-01.bluepeak.example,Firewall,IT Operations,Production,Critical,Yes,External Attack Surface Scan,2026-08-30,2026-09-04,9.8,Critical,Active exploitation,Yes,Yes,,,Closed,Network Security,7,2026-09-06,"Loss of perimeter control, traffic interception, and internal network exposure.","Upgrade to version 9.7.3, rotate administrator credentials, and validate the running configuration.","Synthetic internal training record; not an NVD, CISA, or vendor CVE entry."
BluePeak Technologies (Fictional),VULN-0007,CVE-2099-10007,TRUE,Unauthenticated container host API execution,The container management API accepts crafted calls that can create privileged workloads.,CWE-306,T1611 - Escape to Host,ContainerControl Engine,24.0.6,DOCKER-HOST-01,docker-host-01.bluepeak.local,Container Host,Engineering,Production,High,No,Configuration Audit,2026-09-01,2026-09-04,9.8,Critical,Functional exploit,No,Yes,,Second Saturday monthly 23:00-03:00,In Progress,Cloud Platform,7,2026-09-08,Host takeover and compromise of production containers.,"Upgrade the engine, require mutual TLS, remove privileged API access, and audit recently created containers.","Synthetic internal training record; not an NVD, CISA, or vendor CVE entry."
BluePeak Technologies (Fictional),VULN-0008,CVE-2099-10008,TRUE,Remote code execution in storage appliance web interface,A request parsing flaw could allow code execution through the storage management interface.,CWE-20,T1210 - Exploitation of Remote Services,StoreVault NAS OS,7.2.1,NAS-01,nas-01.bluepeak.local,Storage Appliance,IT Operations,Production,Critical,No,Vulnerability Scanner,2026-08-21,2026-09-04,9.8,Critical,Public proof of concept,No,Yes,,,Mitigated,Infrastructure Engineering,7,2026-08-28,"Unauthorized access to shared files, backups, and archived records.","Upgrade to version 7.2.3, restrict management access, and review administrator account activity.","Synthetic internal training record; not an NVD, CISA, or vendor CVE entry."
BluePeak Technologies (Fictional),VULN-0009,CVE-2099-10009,TRUE,SMB authentication bypass in file service,A negotiation flaw could allow a remote attacker to access file services without completing authentication.,CWE-287,T1210 - Exploitation of Remote Services,Windows SMB Service,Windows Server 2022 build 20348.2527,FILE-SRV-01,file-srv-01.bluepeak.local,Server,IT Operations,Production,Critical,No,Vulnerability Scanner,2026-08-05,2026-09-04,8.8,High,Functional exploit,No,Yes,SMB access segmented by department,,In Progress,Infrastructure Engineering,14,2026-08-19,Unauthorized access to shared files and potential lateral movement.,"Apply the cumulative update, require SMB signing, and review anomalous share access.","Synthetic internal training record; not an NVD, CISA, or vendor CVE entry."
BluePeak Technologies (Fictional),VULN-0010,CVE-2099-10010,TRUE,Local privilege escalation in endpoint management agent,A low-privileged user could manipulate an agent service file and gain SYSTEM privileges.,CWE-269,T1068 - Exploitation for Privilege Escalation,SecureDesk Endpoint Agent,6.4.1,FIN-WS-014,fin-ws-014.bluepeak.local,Workstation,Finance,Production,High,No,EDR Detection,2026-08-08,2026-09-04,8.8,High,Public proof of concept,No,Yes,,,Scheduled,Endpoint Engineering,14,2026-08-22,Administrative compromise of a finance workstation and access to financial data.,Deploy agent version 6.4.3 and verify service directory permissions across managed endpoints.,"Synthetic internal training record; not an NVD, CISA, or vendor CVE entry."
BluePeak Technologies (Fictional),VULN-0011,CVE-2099-10011,TRUE,Use-after-free in browser rendering engine,A malicious webpage could trigger memory corruption and execute code in the logged-in user context.,CWE-416,T1203 - Exploitation for Client Execution,Chromium Enterprise Browser,137.0.7151.55,EXEC-LT-003,exec-lt-003.bluepeak.local,Laptop,Executive,Production,Critical,Yes,EDR Detection,2026-08-11,2026-08-21,8.8,High,Active exploitation,Yes,Yes,Browser isolation enabled for unknown sites,Second Saturday monthly 23:00-03:00,Closed,Endpoint Engineering,14,2026-08-25,Compromise of an executive laptop and possible credential theft.,"Force-update the browser, restart all sessions, and review endpoint telemetry for exploitation indicators.","Synthetic internal training record; not an NVD, CISA, or vendor CVE entry."
BluePeak Technologies (Fictional),VULN-0012,CVE-2099-10012,TRUE,Token signature validation weakness in SSO gateway,The gateway may accept a token with an improperly validated signature under specific configurations.,CWE-347,T1550 - Use Alternate Authentication Material,IdentityBridge SSO Gateway,3.9.0,SSO-GW-01,login.bluepeak.example,Identity Gateway,IT Operations,Production,Critical,Yes,Penetration Test,2026-08-14,2026-09-04,8.8,High,Functional exploit,No,Yes,Conditional access and MFA enforced,Sat 23:00-03:00,Open,Identity and Access Management,14,2026-08-28,Account impersonation and unauthorized access to connected applications.,"Upgrade the gateway, rotate signing keys, invalidate tokens, and review authentication anomalies.","Synthetic internal training record; not an NVD, CISA, or vendor CVE entry."
BluePeak Technologies (Fictional),VULN-0013,CVE-2099-10013,TRUE,Authentication bypass in wireless controller,A crafted request could bypass controller authentication and access wireless management functions.,CWE-288,T1133 - External Remote Services,AirControl Wireless Manager,8.1.2,WIFI-CTRL-01,wifi-ctrl-01.bluepeak.local,Wireless Controller,IT Operations,Production,High,No,Vulnerability Scanner,2026-08-17,2026-09-04,8.7,High,Public proof of concept,No,Yes,,,Mitigated,Network Engineering,14,2026-08-31,Unauthorized changes to wireless networks and possible traffic interception.,"Install the controller update, rotate administrator credentials, and verify management network ACLs.","Synthetic internal training record; not an NVD, CISA, or vendor CVE entry."
BluePeak Technologies (Fictional),VULN-0014,CVE-2099-10014,TRUE,Path traversal in managed file transfer service,A crafted filename could read or overwrite files outside the intended transfer directory.,CWE-22,T1190 - Exploit Public-Facing Application,TransferPoint MFT,10.6.0,SFTP-SRV-01,sftp.bluepeak.example,Server,Customer Operations,Production,High,Yes,External Attack Surface Scan,2026-08-20,2026-09-04,8.6,High,Functional exploit,No,Yes,,Daily 03:00-04:00,In Progress,Infrastructure Engineering,14,2026-09-03,Exposure of partner files and unauthorized modification of transfer jobs.,"Upgrade to version 10.6.2, restrict the service account, and review transferred filenames.","Synthetic internal training record; not an NVD, CISA, or vendor CVE entry."
BluePeak Technologies (Fictional),VULN-0015,CVE-2099-10015,TRUE,LDAP injection in directory synchronization service,Unescaped directory attributes could alter LDAP queries during synchronization.,CWE-90,T1087 - Account Discovery,DirectorySync Pro,4.7.3,DIR-SYNC-01,dir-sync-01.bluepeak.local,Server,IT Operations,Production,High,No,Code Review,2026-08-23,2026-09-04,8.1,High,Public proof of concept,No,Yes,Sync account is read-only for most directory objects,Sun 01:00-05:00,Open,Identity and Access Management,14,2026-09-06,Unauthorized directory searches and potential modification of synchronized identities.,"Upgrade the service, escape LDAP input, reduce sync account privileges, and retest.","Synthetic internal training record; not an NVD, CISA, or vendor CVE entry."
BluePeak Technologies (Fictional),VULN-0016,CVE-2099-10016,TRUE,Server-side request forgery in cloud management portal,A crafted URL could cause the portal to make requests to internal cloud metadata services.,CWE-918,T1190 - Exploit Public-Facing Application,CloudCommand Portal,2.12.0,CLOUD-MGMT-01,cloud-mgmt.bluepeak.example,Cloud Management Portal,Cloud Platform,Production,Critical,Yes,Cloud Security Scanner,2026-08-26,2026-09-04,8.2,High,Functional exploit,No,Yes,,Wed 02:00-04:00,Scheduled,Cloud Platform,14,2026-09-09,Theft of cloud credentials and unauthorized access to managed resources.,"Upgrade the portal, enforce an outbound URL allowlist, and review cloud audit logs.","Synthetic internal training record; not an NVD, CISA, or vendor CVE entry."
BluePeak Technologies (Fictional),VULN-0017,CVE-2099-10017,TRUE,Authorization bypass in Kubernetes dashboard extension,A dashboard extension may fail to enforce role checks for selected administrative actions.,CWE-862,T1613 - Container and Resource Discovery,ClusterView Dashboard Extension,1.14.2,K8S-PROD-01,k8s-prod-01.bluepeak.local,Kubernetes Cluster,Engineering,Production,Critical,No,Configuration Audit,2026-08-29,2026-09-04,8.5,High,Public proof of concept,No,Yes,,Sun 02:00-06:00,Closed,Cloud Platform,14,2026-09-12,Unauthorized changes to production workloads and cluster configuration.,"Upgrade the extension, review role bindings, and audit dashboard actions.","Synthetic internal training record; not an NVD, CISA, or vendor CVE entry."
BluePeak Technologies (Fictional),VULN-0018,CVE-2099-10018,TRUE,Memory corruption in email gateway message parser,A malformed attachment could corrupt memory in the message inspection process.,CWE-787,T1203 - Exploitation for Client Execution,MailGuard Secure Gateway,14.2.5,EMAIL-GW-01,mail-gw.bluepeak.example,Email Security Gateway,IT Operations,Production,Critical,Yes,Vendor Advisory Review,2026-09-01,2026-09-04,8.8,High,Functional exploit,No,Yes,,Sun 01:00-05:00,In Progress,Messaging Security,14,2026-09-15,"Gateway compromise, mail disruption, or delivery of uninspected malicious content.","Apply the security update, restart inspection workers, and review parser crash logs.","Synthetic internal training record; not an NVD, CISA, or vendor CVE entry."
BluePeak Technologies (Fictional),VULN-0019,CVE-2099-10019,TRUE,Privilege escalation in database service account helper,A local user could abuse helper permissions to execute code as the database service account.,CWE-269,T1068 - Exploitation for Privilege Escalation,DataCore SQL Server,2022 CU13,SQL-SRV-01,sql-srv-01.bluepeak.local,Database Server,Finance,Production,Critical,No,Vulnerability Scanner,2026-08-07,2026-09-04,8.0,High,Public proof of concept,No,Yes,,,Open,Database Operations,14,2026-08-21,Unauthorized access to finance databases and possible data alteration.,"Install CU14, verify service permissions, and review local account access.","Synthetic internal training record; not an NVD, CISA, or vendor CVE entry."
BluePeak Technologies (Fictional),VULN-0020,CVE-2099-10020,TRUE,Local privilege escalation in Windows kernel component,A race condition could allow a local authenticated user to obtain elevated privileges.,CWE-362,T1068 - Exploitation for Privilege Escalation,Windows Kernel,Windows 11 Enterprise 24H2 build 26100.3915,HR-WS-022,hr-ws-022.bluepeak.local,Workstation,Human Resources,Production,High,No,EDR Detection,2026-08-10,2026-09-04,7.8,High,Active exploitation,Yes,Yes,,Tue/Thu 22:00-23:30,Scheduled,Endpoint Engineering,14,2026-08-24,Administrative compromise of a workstation containing employee records.,Deploy the cumulative update and investigate endpoints showing exploit-like behavior.,"Synthetic internal training record; not an NVD, CISA, or vendor CVE entry."
BluePeak Technologies (Fictional),VULN-0021,CVE-2099-10021,TRUE,Memory corruption in workstation graphics driver,A crafted graphics workload could trigger memory corruption and local code execution.,CWE-787,T1203 - Exploitation for Client Execution,ProRender Graphics Driver,32.0.15.5585,ENG-WS-031,eng-ws-031.bluepeak.local,Workstation,Engineering,Development,Medium,No,Vulnerability Scanner,2026-08-13,2026-09-04,7.8,High,Public proof of concept,No,Yes,,Sat 23:00-03:00,In Progress,Endpoint Engineering,14,2026-08-27,Compromise of development credentials and source code access.,Deploy the signed driver update and remove outdated driver packages.,"Synthetic internal training record; not an NVD, CISA, or vendor CVE entry."
BluePeak Technologies (Fictional),VULN-0022,CVE-2099-10022,TRUE,Permission bypass in enterprise browser extension,A policy enforcement flaw could let a malicious site invoke an extension capability that should be blocked.,CWE-863,T1176 - Browser Extensions,SecureBrowse Enterprise Extension,7.3.0,SALES-LT-018,sales-lt-018.bluepeak.local,Laptop,Sales,Production,High,Yes,Browser Management Audit,2026-08-16,2026-09-04,7.5,High,Unproven,No,Yes,Extension restricted through enterprise policy,,Open,Endpoint Engineering,14,2026-08-30,Exposure of browser session data and sales account credentials.,"Update the extension, remove unapproved extensions, and review browser policy compliance.","Synthetic internal training record; not an NVD, CISA, or vendor CVE entry."
BluePeak Technologies (Fictional),VULN-0023,CVE-2099-10023,TRUE,Missing authorization in employee records API,The API does not consistently verify object-level authorization for selected employee record requests.,CWE-862,T1190 - Exploit Public-Facing Application,PeopleCore HR API,6.1.4,HR-API-01,hr-api.bluepeak.local,Web API,Human Resources,Production,Critical,No,API Security Test,2026-08-19,2026-09-04,8.8,High,Functional exploit,No,Yes,,,In Progress,Application Security,14,2026-09-02,Unauthorized access to employee personal and payroll information.,"Deploy version 6.1.6, add object-level authorization checks, and review API access logs.","Synthetic internal training record; not an NVD, CISA, or vendor CVE entry."
BluePeak Technologies (Fictional),VULN-0024,CVE-2099-10024,TRUE,HTTP request smuggling in reverse proxy,Conflicting request length headers could allow a remote attacker to desynchronize proxy and backend connections.,CWE-444,T1190 - Exploit Public-Facing Application,FrontGate Reverse Proxy,3.6.8,REV-PROXY-01,proxy.bluepeak.example,Reverse Proxy,IT Operations,Production,Critical,Yes,Web Application Scanner,2026-08-22,2026-09-04,8.2,High,Public proof of concept,No,Yes,,Tue/Thu 22:00-23:30,Mitigated,Network Security,14,2026-09-05,"Authentication bypass, cache poisoning, or unauthorized backend requests.","Upgrade the proxy, normalize request headers, and disable ambiguous transfer encodings.","Synthetic internal training record; not an NVD, CISA, or vendor CVE entry."
BluePeak Technologies (Fictional),VULN-0025,CVE-2099-10025,TRUE,Hardcoded credential in monitoring collector,A service credential embedded in the collector package could be recovered by a local user.,CWE-798,T1552.001 - Credentials In Files,ObserveIT Collector,9.5.1,MON-SRV-01,mon-srv-01.bluepeak.local,Monitoring Server,Security Operations,Production,High,No,Credential Scan,2026-08-25,2026-09-04,8.4,High,Functional exploit,No,Yes,,Second Saturday monthly 23:00-03:00,Open,Security Operations,14,2026-09-08,Unauthorized access to monitoring data and managed systems.,"Deploy the fixed collector, rotate the embedded credential, and search for reuse across systems.","Synthetic internal training record; not an NVD, CISA, or vendor CVE entry."
BluePeak Technologies (Fictional),VULN-0026,CVE-2099-10026,TRUE,Update signature bypass in privileged administration tool,The updater may accept a package with an invalid signature under a legacy compatibility setting.,CWE-347,T1195.002 - Compromise Software Supply Chain,AdminTools Suite,8.2.0,IT-ADM-005,it-adm-005.bluepeak.local,Privileged Workstation,IT Operations,Production,Critical,No,Application Control Audit,2026-08-28,2026-09-04,8.1,High,Public proof of concept,No,Yes,,,Scheduled,Endpoint Engineering,14,2026-09-11,Execution of untrusted code on a privileged workstation.,"Disable legacy update mode, install version 8.2.2, and verify package signatures.","Synthetic internal training record; not an NVD, CISA, or vendor CVE entry."
BluePeak Technologies (Fictional),VULN-0027,CVE-2099-10027,TRUE,Stored cross-site scripting in help desk portal,A crafted ticket field could run script in the browser of a help desk analyst.,CWE-79,T1189 - Drive-by Compromise,ServiceDesk Portal,12.1.0,HELPDESK-APP-01,help.bluepeak.local,Web Application,IT Operations,Production,Medium,No,Web Application Scanner,2026-07-20,2026-09-04,6.1,Medium,Public proof of concept,No,Yes,,First Sunday monthly 00:00-04:00,Open,Application Security,30,2026-08-19,Theft of analyst sessions and unauthorized ticket actions.,"Upgrade the portal, encode stored content, and enforce a restrictive Content Security Policy.","Synthetic internal training record; not an NVD, CISA, or vendor CVE entry."
BluePeak Technologies (Fictional),VULN-0028,CVE-2099-10028,TRUE,Insecure direct object reference in document portal,Changing a document identifier could expose files belonging to another authorized user.,CWE-639,T1213 - Data from Information Repositories,LegalDocs Portal,4.4.2,DOC-PORTAL-01,docs.bluepeak.example,Web Application,Legal,Production,High,Yes,Penetration Test,2026-07-24,2026-09-04,6.5,Medium,Functional exploit,No,Yes,,Tue/Thu 22:00-23:30,In Progress,Application Security,30,2026-08-23,Unauthorized disclosure of legal documents and confidential agreements.,"Add server-side ownership checks, invalidate exposed links, and review document access logs.","Synthetic internal training record; not an NVD, CISA, or vendor CVE entry."
BluePeak Technologies (Fictional),VULN-0029,CVE-2099-10029,TRUE,Stored cross-site scripting in project management portal,A crafted project description could execute script for users viewing the project page.,CWE-79,T1189 - Drive-by Compromise,ProjectFlow,7.9.1,PM-APP-01,projects.bluepeak.local,Web Application,Engineering,Production,Medium,No,Web Application Scanner,2026-07-28,2026-09-04,6.1,Medium,Unproven,No,Yes,,Tue/Thu 22:00-23:30,Scheduled,Application Security,30,2026-08-27,Session theft and unauthorized changes to project records.,Apply the application update and sanitize rich-text project fields.,"Synthetic internal training record; not an NVD, CISA, or vendor CVE entry."
BluePeak Technologies (Fictional),VULN-0030,CVE-2099-10030,TRUE,Prototype pollution in Node.js service,A nested object merge could modify object prototypes and alter application behavior.,CWE-1321,T1190 - Exploit Public-Facing Application,NodeMerge Library,2.4.0,APP-SRV-01,app-srv-01.bluepeak.local,Application Server,Engineering,Production,High,No,Software Composition Analysis,2026-08-01,2026-09-04,6.8,Medium,Public proof of concept,No,Yes,Service input schema validation enabled,Sun 02:00-06:00,Open,Platform Engineering,30,2026-08-31,"Application instability, authorization bypass, or limited code execution.","Upgrade the library, reject dangerous object keys, and run regression tests.","Synthetic internal training record; not an NVD, CISA, or vendor CVE entry."
BluePeak Technologies (Fictional),VULN-0031,CVE-2099-10031,TRUE,Out-of-bounds read in TLS library,A malformed handshake could cause the web process to read memory outside an allocated buffer.,CWE-125,T1190 - Exploit Public-Facing Application,OpenTLS Library,3.2.1,WEB-SRV-01,web-srv-01.bluepeak.example,Web Server,Marketing,Production,High,Yes,Software Composition Analysis,2026-08-05,2026-09-04,6.5,Medium,Public proof of concept,No,Yes,,Quarterly maintenance weekend,In Progress,Platform Engineering,30,2026-09-04,Service crash or limited disclosure of process memory.,"Update the TLS library, restart web services, and monitor for abnormal handshake failures.","Synthetic internal training record; not an NVD, CISA, or vendor CVE entry."
BluePeak Technologies (Fictional),VULN-0032,CVE-2099-10032,TRUE,XML external entity injection in reporting service,The report import function may resolve external entities embedded in XML files.,CWE-611,T1005 - Data from Local System,InsightReports Server,10.3.2,RPT-SRV-01,rpt-srv-01.bluepeak.local,Reporting Server,Finance,Production,High,No,Code Review,2026-08-09,2026-09-04,6.4,Medium,Functional exploit,No,Yes,,,Open,Application Security,30,2026-09-08,Reading of local files or requests to internal services.,"Disable external entity resolution, update the parser, and validate imported XML files.","Synthetic internal training record; not an NVD, CISA, or vendor CVE entry."
BluePeak Technologies (Fictional),VULN-0033,CVE-2099-10033,TRUE,Buffer overflow in network printer firmware,A malformed discovery packet could overflow a firmware buffer and restart or alter the printer.,CWE-120,T1210 - Exploitation of Remote Services,OfficePrint Firmware,5.12.4,PRN-FLOOR3-07,prn-floor3-07.bluepeak.local,Printer,Corporate Services,Production,Low,No,IoT Vulnerability Scan,2026-08-13,2026-09-04,6.8,Medium,Public proof of concept,No,Yes,Printer isolated on an IoT VLAN,Quarterly maintenance weekend,Scheduled,Network Engineering,30,2026-09-12,Print disruption and possible foothold on the device network.,Upgrade printer firmware and restrict management and discovery traffic.,"Synthetic internal training record; not an NVD, CISA, or vendor CVE entry."
BluePeak Technologies (Fictional),VULN-0034,CVE-2099-10034,TRUE,DLL search order hijacking in finance utility,The utility may load a malicious library from a user-writable directory before the trusted library.,CWE-427,T1574.001 - DLL Search Order Hijacking,LedgerExport Utility,3.1.8,FIN-WS-021,fin-ws-021.bluepeak.local,Workstation,Finance,Production,High,No,Application Control Audit,2026-08-17,2026-09-04,6.7,Medium,Public proof of concept,No,Yes,Application allowlisting enabled,Daily 03:00-04:00,Risk Accepted,Endpoint Engineering,30,2026-09-16,Execution of code in the finance user context.,"Upgrade the utility, remove user-writable paths from the search order, and monitor library loads.","Synthetic internal training record; not an NVD, CISA, or vendor CVE entry."
BluePeak Technologies (Fictional),VULN-0035,CVE-2099-10035,TRUE,Unquoted service path in operations utility,A service installed with an unquoted path could execute a malicious binary placed in a parent directory.,CWE-428,T1574.009 - Path Interception by Unquoted Path,OpsSupport Utility,5.0.2,OPS-WS-019,ops-ws-019.bluepeak.local,Workstation,IT Operations,Production,High,No,Vulnerability Scanner,2026-08-21,2026-09-04,6.2,Medium,Functional exploit,No,Yes,,First Sunday monthly 00:00-04:00,In Progress,Endpoint Engineering,30,2026-09-20,Local privilege escalation on an IT operations workstation.,Install version 5.0.4 or quote the service path and verify directory permissions.,"Synthetic internal training record; not an NVD, CISA, or vendor CVE entry."
BluePeak Technologies (Fictional),VULN-0036,CVE-2099-10036,TRUE,Authentication downgrade in directory service channel,A protocol negotiation flaw could permit weaker authentication on selected directory service connections.,CWE-300,T1557 - Adversary-in-the-Middle,Windows Directory Service,Windows Server 2022 build 20348.2527,DC-02,dc-02.bluepeak.local,Domain Controller,IT Operations,Production,Critical,No,Configuration Audit,2026-08-25,2026-09-04,6.5,Medium,Unproven,No,Yes,LDAP signing required for managed clients,,Scheduled,Identity and Access Management,30,2026-09-24,Credential relay or unauthorized directory queries from legacy clients.,"Apply the cumulative update, enforce channel binding, and identify clients using weak authentication.","Synthetic internal training record; not an NVD, CISA, or vendor CVE entry."
BluePeak Technologies (Fictional),VULN-0037,CVE-2099-10037,TRUE,Information disclosure in DNS diagnostic response,A diagnostic response may reveal internal server details to an unauthenticated network user.,CWE-200,T1590.002 - DNS,CoreDNS Enterprise Service,2.9.0,DNS-SRV-01,dns-srv-01.bluepeak.local,DNS Server,IT Operations,Production,Critical,No,Vulnerability Scanner,2026-07-23,2026-09-04,5.3,Medium,Unproven,No,Yes,,,Open,Infrastructure Engineering,30,2026-08-22,Disclosure of internal naming and service information useful for reconnaissance.,Install the update and restrict diagnostic query types to administrators.,"Synthetic internal training record; not an NVD, CISA, or vendor CVE entry."
BluePeak Technologies (Fictional),VULN-0038,CVE-2099-10038,TRUE,Out-of-bounds read in media processing library,A malformed image file could cause the library to read beyond an allocated buffer.,CWE-125,T1203 - Exploitation for Client Execution,MediaRender Library,6.8.1,MKT-WS-011,mkt-ws-011.bluepeak.local,Workstation,Marketing,Production,Medium,No,Software Composition Analysis,2026-07-27,2026-09-04,6.5,Medium,Public proof of concept,No,Yes,,Sat 22:00-02:00,In Progress,Endpoint Engineering,30,2026-08-26,Application crash or limited memory disclosure on a marketing workstation.,Update the library through the creative software package and rescan the workstation.,"Synthetic internal training record; not an NVD, CISA, or vendor CVE entry."
BluePeak Technologies (Fictional),VULN-0039,CVE-2099-10039,TRUE,Race condition in development file permissions,"A temporary file may be replaced between validation and use, allowing unintended file access.",CWE-362,T1574 - Hijack Execution Flow,BuildRunner Agent,3.7.5,DEV-LNX-07,dev-lnx-07.bluepeak.local,Development Server,Engineering,Development,Medium,No,Vulnerability Scanner,2026-07-31,2026-09-04,6.7,Medium,Public proof of concept,No,Yes,Development server contains no production data,Second Saturday monthly 23:00-03:00,Open,Platform Engineering,30,2026-08-30,Modification of build artifacts or access to files owned by the build service.,Upgrade the agent and move temporary files to a protected per-service directory.,"Synthetic internal training record; not an NVD, CISA, or vendor CVE entry."
BluePeak Technologies (Fictional),VULN-0040,CVE-2099-10040,TRUE,Weak cryptography in legacy database client,The client may negotiate an outdated cipher suite when connecting to compatible servers.,CWE-327,T1040 - Network Sniffing,LegacyDB Client,8.4.0,FIN-WS-014,fin-ws-014.bluepeak.local,Workstation,Finance,Production,High,No,Configuration Audit,2026-08-04,2026-09-04,5.9,Medium,Unproven,No,Yes,,,Scheduled,Database Operations,30,2026-09-03,Potential interception of database credentials or finance queries on a compromised network.,Upgrade the client and disable legacy cipher suites on database servers.,"Synthetic internal training record; not an NVD, CISA, or vendor CVE entry."
BluePeak Technologies (Fictional),VULN-0041,CVE-2099-10041,TRUE,Improper certificate validation in mobile sync gateway,The gateway may accept a certificate that does not match the expected service hostname.,CWE-295,T1557 - Adversary-in-the-Middle,MobileSync Gateway,9.1.3,MOB-SYNC-01,mobile-sync.bluepeak.example,Mobile Sync Gateway,IT Operations,Production,High,Yes,Vendor Advisory Review,2026-08-08,2026-09-04,6.8,Medium,Public proof of concept,No,Yes,,Daily 03:00-04:00,In Progress,Messaging Security,30,2026-09-07,Interception of synchronization traffic or theft of session tokens.,Install version 9.1.5 and enforce hostname and certificate chain validation.,"Synthetic internal training record; not an NVD, CISA, or vendor CVE entry."
BluePeak Technologies (Fictional),VULN-0042,CVE-2099-10042,TRUE,Cross-site request forgery in network management console,An authenticated administrator could be induced to submit an unintended configuration change.,CWE-352,T1189 - Drive-by Compromise,NetControl Console,6.5.2,NET-MGMT-01,net-mgmt-01.bluepeak.local,Network Management Server,IT Operations,Production,High,No,Web Application Scanner,2026-08-12,2026-09-04,6.5,Medium,Public proof of concept,No,Yes,,,Open,Network Engineering,30,2026-09-11,Unauthorized network configuration changes using an active administrator session.,"Upgrade the console, enable anti-CSRF tokens, and shorten privileged session lifetimes.","Synthetic internal training record; not an NVD, CISA, or vendor CVE entry."
BluePeak Technologies (Fictional),VULN-0043,CVE-2099-10043,TRUE,Local denial of service in endpoint driver,A local user could send a malformed request that crashes the endpoint security driver.,CWE-400,T1499 - Endpoint Denial of Service,SecureDesk Filter Driver,6.4.1,HR-WS-022,hr-ws-022.bluepeak.local,Workstation,Human Resources,Production,High,No,EDR Detection,2026-08-16,2026-08-26,5.5,Medium,Functional exploit,No,Yes,,Tue/Thu 22:00-23:30,Closed,Endpoint Engineering,30,2026-09-15,Temporary loss of endpoint protection and workstation availability.,Deploy the fixed driver and verify endpoint protection resumes after restart.,"Synthetic internal training record; not an NVD, CISA, or vendor CVE entry."
BluePeak Technologies (Fictional),VULN-0044,CVE-2099-10044,TRUE,Integer overflow in file compression library,A specially crafted archive could trigger an integer overflow during extraction.,CWE-190,T1203 - Exploitation for Client Execution,FastArchive Library,4.11.0,FILE-SRV-01,file-srv-01.bluepeak.local,Server,IT Operations,Production,Critical,No,Software Composition Analysis,2026-08-20,2026-09-04,6.8,Medium,Public proof of concept,No,Yes,Archive extraction limited to authenticated file services,,In Progress,Infrastructure Engineering,30,2026-09-19,Service crash or possible memory corruption during archive processing.,Update the compression library and quarantine malformed archives detected by the gateway.,"Synthetic internal training record; not an NVD, CISA, or vendor CVE entry."
BluePeak Technologies (Fictional),VULN-0045,CVE-2099-10045,TRUE,Open redirect in employee intranet,A redirect parameter could send users from the trusted intranet to an unapproved external site.,CWE-601,T1566.002 - Spearphishing Link,BluePeak Intranet,3.6.0,INTRANET-01,intranet.bluepeak.local,Web Application,Corporate Communications,Production,Medium,No,Web Application Scanner,2026-07-01,2026-09-04,3.1,Low,Unproven,No,Yes,,,Risk Accepted,Application Security,60,2026-08-30,Increased phishing credibility using a trusted company domain.,Allowlist redirect destinations and display an external-site warning before navigation.,"Synthetic internal training record; not an NVD, CISA, or vendor CVE entry."
BluePeak Technologies (Fictional),VULN-0046,CVE-2099-10046,TRUE,Clickjacking in security training portal,The portal can be framed by another site and may allow deceptive interaction with visible controls.,CWE-1021,T1189 - Drive-by Compromise,LearnSafe Portal,2.8.4,TRAINING-PORTAL-01,training.bluepeak.local,Web Application,Human Resources,Production,Low,No,Web Application Scanner,2026-07-08,2026-09-04,3.5,Low,Unproven,No,Yes,,,Open,Application Security,60,2026-09-06,Misleading user interactions and low-impact unauthorized training actions.,Set frame-ancestors restrictions and X-Frame-Options on all portal pages.,"Synthetic internal training record; not an NVD, CISA, or vendor CVE entry."
BluePeak Technologies (Fictional),VULN-0047,CVE-2099-10047,TRUE,Service version disclosure in public status API,The API response header reveals the exact framework and service version.,CWE-200,T1595 - Active Scanning,BluePeak Status API,1.9.2,STATUS-API-01,status.bluepeak.example,Web API,Customer Operations,Production,Medium,Yes,External Attack Surface Scan,2026-07-15,2026-07-25,2.6,Low,None,No,Yes,,,Closed,Platform Engineering,60,2026-09-13,Additional reconnaissance information for attackers targeting public services.,Remove detailed version headers and use generic server banners.,"Synthetic internal training record; not an NVD, CISA, or vendor CVE entry."
BluePeak Technologies (Fictional),VULN-0048,CVE-2099-10048,TRUE,Verbose database errors in CRM application,Unhandled database errors may reveal query fragments and internal table names to authenticated users.,CWE-209,T1213 - Data from Information Repositories,SalesConnect CRM,8.7.1,CRM-APP-01,crm.bluepeak.local,Web Application,Sales,Production,High,No,Web Application Scanner,2026-07-22,2026-09-04,2.7,Low,None,No,Yes,,Wed 02:00-04:00,Open,Application Security,60,2026-09-20,Disclosure of internal schema details that could assist later attacks.,Replace detailed errors with generic messages and retain full diagnostics only in secured logs.,"Synthetic internal training record; not an NVD, CISA, or vendor CVE entry."
BluePeak Technologies (Fictional),VULN-0049,CVE-2099-10049,TRUE,Insecure temporary file permissions in developer tool,Temporary export files are created with permissions that allow access by other local users.,CWE-377,T1005 - Data from Local System,DevPackage Builder,4.3.0,DEV-WIN-012,dev-win-012.bluepeak.local,Workstation,Engineering,Development,Medium,No,Vulnerability Scanner,2026-07-29,2026-09-04,3.3,Low,Unproven,No,Yes,Developer workstation is single-user and disk encrypted,,Risk Accepted,Endpoint Engineering,60,2026-09-27,Limited local disclosure of source fragments or build metadata.,Upgrade the tool or configure a private temporary directory with user-only permissions.,"Synthetic internal training record; not an NVD, CISA, or vendor CVE entry."
BluePeak Technologies (Fictional),VULN-0050,CVE-2099-10050,TRUE,Log injection in monitoring portal,Unsanitized event text could insert misleading entries into the portal audit log view.,CWE-117,T1070 - Indicator Removal on Host,ObserveIT Monitoring Portal,9.5.1,MON-PORTAL-01,monitor.bluepeak.local,Web Application,Security Operations,Production,Medium,No,Code Review,2026-08-05,2026-09-04,3.7,Low,Unproven,No,Yes,Raw logs are retained separately in the SIEM,Daily 03:00-04:00,Scheduled,Security Operations,60,2026-10-04,Analyst confusion and reduced confidence in the portal audit view.,Encode control characters before display and preserve immutable raw event records.,"Synthetic internal training record; not an NVD, CISA, or vendor CVE entry."
